{
  "project_info": {
    "project_number": "920062332872",
    "firebase_url": "https://businessideas-deedb.firebaseio.com",
    "project_id": "businessideas-deedb",
    "storage_bucket": "businessideas-deedb.appspot.com"
  },
  "client": [
    {
      "client_info": {
        "mobilesdk_app_id": "1:920062332872:android:d56870cdb269e7aa",
        "android_client_info": {
          "package_name": "com.business_idea.business_ideas_app"
        }
      },
      "oauth_client": [
        {
          "client_id": "920062332872-kdgl5n338l4v7hkh65r26p1ik0lee38m.apps.googleusercontent.com",
          "client_type": 3
        }
      ],
      "api_key": [
        {
          "current_key": "AIzaSyCyqDQGHWukQ8Wd9Ro0RRM8uwrUfvYmzfE"
        }
      ],
      "services": {
        "analytics_service": {
          "status": 1
        },
        "appinvite_service": {
          "status": 1,
          "other_platform_oauth_client": []
        },
        "ads_service": {
          "status": 2
        }
      }
    }
  ],
  "configuration_version": "1"
}